ID,Student Name,Score,Attended,Standard,Division,Exam
72996,UNNATI GUPTA,24,Yes,X,B,Science Module(X)
72986,PRATHAM KUMAR SINGH,24,Yes,X,B,Science Module(X)
72981,NIHAL CHAUDHARI,24,Yes,X,B,Science Module(X)
72966,ANNU YADAV,24,Yes,X,B,Science Module(X)
72993,SIDDHI GUPTA,23,Yes,X,B,Science Module(X)
72992,SIDDHI GUPTA,23,Yes,X,B,Science Module(X)
72990,SHAGUN SHARMA,23,Yes,X,B,Science Module(X)
72989,SAURABH SINGH,23,Yes,X,B,Science Module(X)
72973,AYUSH KUMAR DEEP AGRAHARI,23,Yes,X,B,Science Module(X)
72970,ARYAN GUPTA,23,Yes,X,B,Science Module(X)
72969,ANURADHA SINGH,23,Yes,X,B,Science Module(X)
72967,ANSH SINGH,23,Yes,X,B,Science Module(X)
72964,ANIKET SINGH,23,Yes,X,B,Science Module(X)
72963,AMAN JAISWAL,23,Yes,X,B,Science Module(X)
72998,VAISHNAVI MISHRA,22,Yes,X,B,Science Module(X)
72977,JAVED,22,Yes,X,B,Science Module(X)
72968,ANTRA YADAV,22,Yes,X,B,Science Module(X)
72962,ADARSH UPADHYAY,22,Yes,X,B,Science Module(X)
72997,UTKARSH KUMAR,21,Yes,X,B,Science Module(X)
72984,PRASHANT GAURAV,21,Yes,X,B,Science Module(X)
72983,PRANSHI SINGH,21,Yes,X,B,Science Module(X)
72982,PRAJJWAL KESHARI,21,Yes,X,B,Science Module(X)
72980,MAHI SINGH,21,Yes,X,B,Science Module(X)
72972,AYESHA SAJID,21,Yes,X,B,Science Module(X)
72987,REEYA,20,Yes,X,B,Science Module(X)
72985,PRASHANT KUMAR,20,Yes,X,B,Science Module(X)
72961,AARADHYA SINGH,19,Yes,X,B,Science Module(X)
72991,SHIVA JI SINGH,18,Yes,X,B,Science Module(X)
72988,SATYAM GUPTA,17,Yes,X,B,Science Module(X)
72971,ARYAN SINGH PATEL,17,Yes,X,B,Science Module(X)
72994,TANMAY SETH,16,Yes,X,B,Science Module(X)
72979,KRITIKA MAURYA,16,Yes,X,B,Science Module(X)
72995,TANYA MALA,14,Yes,X,B,Science Module(X)
72975,HARSH SINGH,12,Yes,X,B,Science Module(X)
72978,KRISHNA TIWARI,0,Yes,X,B,Science Module(X)
